Label|Name|Plural|Type|Silver/Magic|AC|HD|MVturn|MVrd|MVspec|MVspec_turn|MVspec_rd|Attack short|Attack long|Dmg short|Dmg long|SV|ML|AL|#APP|In Lair|TT|XP
ant|Driver Ant||Ant||3|4*|180'|60'||||1|mandibles|2d6|2d6|Fighter: 2|7|Neutral|2--8|4--24|U|125
antelope|Antelope||||7|2|240'|80'||||1|1 butt|1d6|1d6|Fighter: 2|5|Neutral|0|3--30|Nil|20
white_ape|White Ape||Ape||6|4|120'|40'||||2|2 claws|1d4\x 2|1d4\?1d4|Fighter: 2|7|Neutral|1--6|2--8|Nil|75
basilisk|Basilisk||||4|6+1**|60'|20'||||1+gaze|1 bite\+gaze|1d10+special|1d10\+petrification|Fighter: 6|9|Neutral|1--6|1--6|F|950
bat|Bat||Bat||6|1 hp|9'|3'|Fly|120'|40'|1|Confusion|Nil|Nil|Normal Man|6|Neutral|1--100|1--100|Nil|5
giant_bat|Giant Bat||Bat||6|2|30'|10'|Fly|180'|60'|1|1 bite|1d4|1d4|Fighter: 1|8|Neutral|1--10|1--10|Nil|20
vampire_bat|Giant Vampire Bat||Bat||6|2|30'|10'|Fly|180'|60'|1|1 bite|1d4+special|1d4\+special|Fighter: 1|8|Neutral|1--10|1--10|Nil|20
black_bear|Black Bear||Bear||6|4|120'|40'||||3|2 claws\?1 bite|1d3\x 2/1d6|1d3\?1d3\?1d6|Fighter: 2|7|Neutral|1--4|1--4|U|75
cave_bear|Cave Bear||Bear||5|7|120'|40'||||3|2 claws\?1 bite|1d8\x 2/2d6|1d8\?1d8\?2d6|Fighter: 3|9|Neutral|1--2|1--2|V|450
grizzly_bear|Grizzly Bear||Bear||6|5|120'|40'||||3|2 claws\?1 bite|1d4\x 2/1d8|1d4\?1d4\?1d8|Fighter: 2|8|Neutral|1|1--4|U|175
polar_bear|Polar Bear||Bear||6|6|120'|40'||||3|2 claws\?1 bite|1d6\x 2/1d10|1d6\?1d6\?1d10|Fighter: 3|8|Neutral|1|1--2|U|275
bee|Killer Bee||Bee||7|\half*|150'|50'||||1|1 sting|1d3+special|1d3\+special|Fighter: 1|9|Neutral|1--6|5--30|Special|6
fire_beetle|Giant Fire Beetle||Beetle||4|1+2|120'|40'||||1|1 bite|2d4|2d4|Fighter: 1|7|Neutral|1--8|2--12|Nil|15
oil_beetle|Giant Oil Beetle||Beetle||4|2*|120'|40'||||1+special|1 bite\+special|1d6+special|1d6\+special|Fighter: 1|8|Neutral|1--8|2--12|Nil|25
tiger_beetle|Giant Tiger Beetle||Beetle||3|3+1|150'|50'||||1|1 bite|2d6|2d6|Fighter: 1|9|Neutral|1--6|2--8|U|50
black_pudding|Black Pudding|||*|6|10*|60'|20'||||1|1|3d8|3d8|Fighter: 5|12|Neutral|1|0|Nil|1600
blink_dog|Blink Dog||||5|4*|120'|40'||||1|1 bite|1d6|1d6|Fighter: 4|6|Lawful|1--6|1--6|C|125
boar|Boar||||7|3|150'|50'||||1|1 tusk|2d4|2d4|Fighter: 2|9|Neutral|1--6|1--6|Nil|35
bugbear|Bugbear||||5|3+1|90'|30'||||1|1 weapon|2d4|2d4 or by weapon\+1|Fighter: 3|9|Chaotic|2--8|5--20|B|50
caecilia|Caecilia|[Caeciliae]|||6|6*|60'|20'||||1|1 bite|1d8|1d8|Fighter: 3|9|Neutral|1--3|1--3|B|500
camel|Camel||||7|2|150'|50'||||2|1 bite\?1 hoof|1/1d4|1\?1d4|Fighter: 1|7|Neutral|0|2--8|Nil|20
carrion_crawler|Carrion Crawler||||7|3+1*|120'|40'||||8|8 tentacles|paralysis|Paralysis|Fighter: 2|9|Neutral|1--3|1--3|B|75
lion|Lion||Cat, Great||6|5|150'|50'||||3|2 claws\?1 bite|1d4+1\x 2/1d10|1d4+1\?1d4+1\?1d10|Fighter: 3|9|Neutral|1--4|1--8|U|175
mountain_lion|Mountain Lion||Cat, Great||6|3+2|150'|50'||||3|2 claws\?1 bite|1d3\x 2/1d6|1d3\?1d3\?1d6|Fighter: 2|8|Neutral|1--4|1--4|U|50
panther|Panther||Cat, Great||4|4|150'|50'||||3|2 claws\?1 bite|1d4\x 2/1d8|1d4\?1d4\?1d8|Fighter: 2|8|Neutral|1--2|1--6|U|75
sabre_tooth_tiger|Sabre-tooth Tiger||Cat, Great||6|8|150'|50'||||3|2 claws\?1 bite|1d8\x 2/2d8|1d8\?1d8\?2d8|Fighter: 4|10|Neutral|1--4|1--4|V|650
tiger|Tiger||Cat, Great||6|6|150'|50'||||3|2 claws\?1 bite|1d6\x 2/2d6|1d6\?1d6\?2d6|Fighter: 3|9|Neutral|1|1--3|U|275
cave_locust|Cave Locust||||4|2|60'|20'|Fly|180'|60'|1/1/1|1 bite or 1 bump or 1 spit|1d2/1d4/special|1d2 or 1d4 or special|Fighter: 2|5|Neutral|2--20|1--10|Nil|20
centaur|Centaur||||5|4|180'|60'||||2/1|2 hooves or weapon|1d6\x 2/1d6|1d6\?1d6 or by weapon|Fighter: 4|8|Neutral|0|2--20|A|75
centipede|Giant Centipede||Centipede||9|\half|60'|20'||||1|1 bite|poison|Poison|Normal Man|7|Neutral|2--8|1--8|Nil|5
chimera|Chimera|[Chimerae]|||4|9**|120'|40'|Fly|180'|60'|5+breath|2 claws\?3 heads\+special|1d3\x 2/2d4\x 2/3d4|1d3\?1d3\?2d4\?2d4\?3d4\+special|Fighter: 9|9|Chaotic|1--2|1--4|F|2300
cockatrice|Cockatrice||||6|5**|90'|30'|Fly|180'|60'|1|1 beak+special|1d6+special|1d6\+petrification|Fighter: 5|7|Neutral|1--4|1--8|D|45
crab|Giant Crab||Crab||2|3|60'|20'||||2|2 pincers|2d6\x 2|2d6\?2d6|Fighter: 2|7|Neutral|1--2|1--6|Nil|35
crocodile|Crocodile||Crocodile||5|2|90'|30'|Swim|90'|30'|1|1 bite|1d8|1d8|Fighter: 1|7|Neutral|0|1--8|Nil|20
crocodile_giant|Giant Crocodile||Crocodile||1|15|90'|30'|Swim|90'|30'|1|1 bite|3d8|3d8|Fighter: 8|9|Neutral|0|1--3|Nil|1350
crocodile_large|Large Crocodile||Crocodile||3|6|90'|30'|Swim|90'|30'|1|1 bite|2d8|2d8|Fighter: 3|7|Neutral|0|1--4|Nil|275
cyclops|Cyclops|[Cyclopes]|||5|13*|90'|30'||||1/1|1 club or hurl rocks|3d10/3d6|3d10 or 3d6|Fighter: 13|9|Chaotic|1|1--4|E+5,000gp|2300
stegosaurus|Stegosaurus||Dinosaur||3|11|60'|20'||||1/1|tail or trample|2d8|2d8 or 2d8|Fighter: 6|7|Neutral|0|1--4|Nil|1100
triceratops|Triceratops|[Triceratops]|Dinosaur||2|11|90'|30'||||1/1|gore or trample|3d6\x 2|3d6\?3d6|Fighter: 6|8|Neutral|0|1--4|Nil|1100
tyrannosaurus_rex|Tyrannosaurus Rex|[Tyrannosaurus Rexes]|Dinosaur||3|20|120'|40'||||1|1 bite|6d6|6d6|Fighter: 10|11|Neutral|0|1|V\x 3|2
displacer_beast|Displacer Beast||||4|6*|150'|50'||||2|2 tentacles|2d4\x 2|2d4\?2d4|Fighter: 6|8|Neutral|1--4|1--4|D|500
djinni|Lesser Djinni|[Lesser Djinn]|Djinni|*|5|7+1|90'|30'|Fly|240'|80'|1+special|1+special|2d8/2d6|fists 2d8 or whirlwind 2d6|Fighter: 14|12|Neutral|1|1|Nil|450
doppleganger|Doppleganger||||5|4*|90'|30'||||1|1|1d12|1d12|Fighter: 10|10|Chaotic|1--6|1--6|E|125
dragon_turtle|Dragon Turtle||||-2|30|30'|10'|Swim|90'|30'|3|2 claws\?1 bite|1d8\x 2/10d6|1d8\?1d8\?10d6|Fighter: 15|10|Chaotic|0|1|H|4750
black_dragon|Black Dragon||Dragon||2|7**|90'|30'|Fly|240'|80'|3+breath|2 claws\?1 bite\+breath|1d4+1\x 2/2d10|1d4+1\?1d4+1\?2d10|Fighter: 7|8|Chaotic|1--4|1--4|H|1250
blue_dragon|Blue Dragon||Dragon||0|9**|90'|30'|Fly|240'|80'|3+breath|2 claws\?1 bite\+breath|1d6+1\x 2/3d10|1d6+1\?1d6+1\?3d10|Fighter: 9|9|Neutral|1--4|1--4|H|2300
gold_dragon|Gold Dragon||Dragon||-2|11**|90'|30'|Fly|240'|80'|3+breath|2 claws\?1 bite\+breath|2d4\x 2/6d6|2d4\?2d4\?6d6|Fighter: 11|10|Lawful|1--4|1--4|H|2700
green_dragon|Green Dragon||Dragon||1|8**|90'|30'|Fly|240'|80'|3+breath|2 claws\?1 bite\+breath|1d6\x 2/3d8|1d6\?1d6\?3d8|Fighter: 8|9|Chaotic|1--4|1--4|H|1750
red_dragon|Red Dragon||Dragon||-1|10**|90'|30'|Fly|240'|80'|3+breath|2 claws\?1 bite\+breath|1d8\x 2/4d8|1d8\?1d8\?4d8|Fighter: 10|10|Chaotic|1--4|1--4|H|2300
white_dragon|White Dragon||Dragon||3|6**|90'|30'|Fly|240'|80'|3+breath|2 claws\?1 bite\+breath|1d4\x 2/2d8|1d4\?1d4\?2d8|Fighter: 6|8|Neutral|1--4|1--4|H|725
dryad|Dryad||||5|2*|120'|40'||||1|Special|charm|Charm|Fighter: 4|6|Neutral|0|1--6|D|25
dwarf|Dwarf|[Dwarves]|||4|1|60'|20'||||1|1 weapon|1d8|1d8 or by weapon|Dwarf: 1|8|Any|1--6|5--40|G|10
efreeti|Lesser Efreeti|[Lesser Efreet]|Efreeti|*|3|10*|90'|30'|Fly|240'|80'|1|flame|2d8|2d8|Fighter: 15|12|Chaotic|1|1|Nil|1600
air_elemental|Air Elemental||Elemental|*|0|12|Fly 360'|120'||||1|whirlwind|2d8|2d8|Fighter: 12|10|Neutral|1|1|Nil|1100
earth_elemental|Earth Elemental||Elemental|*|0|12|60'|20'||||1|fists|2d8|2d8|Fighter: 12|10|Neutral|1|1|Nil|1100
fire_elemental|Fire Elemental||Elemental|*|0|12|120'|40'||||1|flame|2d8|2d8|Fighter: 12|10|Neutral|1|1|Nil|1100
water_elemental|Water Elemental||Elemental|*|0|12|60'|20'|Swim|180'|60'|1|wave|2d8|2d8|Fighter: 12|10|Neutral|1|1|Nil|1100
greater_air_elemental|Greater Air Elemental||Elemental|*|-2|16|Fly 360'|120'||||1|whirlwind|3d8|3d8|Fighter: 16|10|Neutral|1|1|Nil|1350
greater_earth_elemental|Greater Earth Elemental||Elemental|*|-2|16|60'|20'||||1|fists|3d8|3d8|Fighter: 16|10|Neutral|1|1|Nil|1350
greater_fire_elemental|Greater Fire Elemental||Elemental|*|-2|16|120'|40'||||1|flame|3d8|3d8|Fighter: 16|10|Neutral|1|1|Nil|1350
greater_water_elemental|Greater Water Elemental||Elemental|*|-2|16|60'|20'|Swim|180'|60'|1|wave|3d8|3d8|Fighter: 16|10|Neutral|1|1|Nil|1350
lesser_air_elemental|Lesser Air Elemental||Elemental|*|2|8|Fly 360'|120'||||1|whirlwind|1d8|1d8|Fighter: 8|10|Neutral|1|1|Nil|650
lesser_earth_elemental|Lesser Earth Elemental||Elemental|*|2|8|60'|20'||||1|fists|1d8|1d8|Fighter: 8|10|Neutral|1|1|Nil|650
lesser_fire_elemental|Lesser Fire Elemental||Elemental|*|2|8|120'|40'||||1|flame|1d8|1d8|Fighter: 8|10|Neutral|1|1|Nil|650
lesser_water_elemental|Lesser Water Elemental||Elemental|*|2|8|60'|20'|Swim|180'|60'|1|wave|1d8|1d8|Fighter: 8|10|Neutral|1|1|Nil|650
elephant|Elephant||||5|9|120'|40'||||2/1|2 tusks or 1 trample|2d4\x 2/4d8|2d4\?2d4 or 4d8|Fighter: 5|8|Neutral|0|1--20|Special|900
elf|Elf|[Elves]|||5|1+1*|120'|40'||||1|1 weapon|1d8|1d8 or by weapon|Elf: 1|8|Neutral|1--4|2--24|E|19
ferret|Giant Ferret||Ferret||5|1+1|150'|50'||||1|1 bite|1d8|1d8|Fighter: 1|8|Neutral|1--8|1--12|Nil|15
catfish|Giant Catfish|[Giant Catfish]|Fish||4|8+3*|Swim 90'|30'||||5|1 bite\?4 feelers|2d8/1d4\x 4|2d8\?1d4\x 4|Fighter: 4|8|Neutral|0|1--2|Nil|1200
piranha|Giant Piranha||Fish||6|3+3|Swim 150'|50'||||1|1 bite|1d8|1d8|Fighter: 2|7|Neutral|0|2--8|Nil|50
rockfish|Giant Rockfish|[Giant Rockfish]|Fish||7|5+5|Swim 180'|60'||||4|4 spines+poison|1d4\x 4+poison|1d4\x 4\+poison|Fighter: 3|8|Neutral|0|2--8|Nil|225
sturgeon|Giant Sturgeon|[Giant Sturgeon]|Fish||0|10+2*|Swim 180'|60'||||1|1 bite|2d10+swallow|2d10\+swallow whole|Fighter: 5|9|Neutral|0|1|Nil|1600
gargoyle|Gargoyle|||*|5|4|90'|30'|Fly|150'|50'|4|2 claws\?1 bite\?1 horn|1d3\x 2/1d6/1d4|1d3\?1d3\?1d6\?1d4|Fighter: 8|11|Chaotic|1--6|2--8|C|75
gelatinous_cube|Gelatinous Cube||||8|4*|60'|20'||||1|1|2d8+special|2d8\+special|Fighter: 2|12|Neutral|1|0|V|125
ghoul|Ghoul||||6|2*|90'|30'||||3|2 claws\?1 bite|1d3\x 3+special|1d3\?1d3\?1d3\+special|Fighter: 2|9|Chaotic|1--6|2--16|B|25
cloud_giant|Cloud Giant||Giant||4|12+3|120'|40'||||1|1|6d6|6d6|Fighter: 12|10|Neutral|1--2|1--3|E+5,000gp|1100
fire_giant|Fire Giant||Giant||4|11+2|120'|40'||||1|1|5d6|5d6|Fighter: 11|9|Chaotic|1--2|1--3|E+5,000gp|1100
frost_giant|Frost Giant||Giant||4|10+1|120'|40'||||1|1|4d6|4d6|Fighter: 10|9|Chaotic|1--2|1--4|E+5,000gp|900
hill_giant|Hill Giant||Giant||4|8|120'|40'||||1|1|2d8|2d8|Fighter: 8|8|Chaotic|1--4|2--8|E+5,000gp|650
stone_giant|Stone Giant||Giant||4|9|120'|40'||||1|1|3d6|3d6|Fighter: 9|9|Neutral|1--2|1--6|E+5,000gp|900
storm_giant|Storm Giant||Giant||2|15|150'|50'||||1+special|1+special|8d6+special|8d6\+special|Fighter: 15|10|Chaotic|1|1--3|E+5,000gp|1350
gnoll|Gnoll||||5|2|90'|30'||||1|1 weapon|2d4|2d4 or by weapon\+1|Fighter: 2|8|Chaotic|1--6|3--18|D|20
gnome|Gnome||||5|1|60'|20'||||1|1 weapon|1d6|1d6 or by weapon|Dwarf: 1|8|Any|1--8|5--40|C|10
goblin|Goblin||||6|1-1|60'|20'||||1|1 weapon|1d6|1d6 or by weapon|Normal Man|7|Chaotic|2--8|6--60|R (C)|5
amber_golem|Amber Golem||Golem|*|6|10**|180'|60'||||3|2 claws\?1 bite|2d6\x 2/2d10|2d6\?2d6\?2d10|Fighter: 5|12|Neutral|1|1|Nil|2300
bone_golem|Bone Golem||Golem|*|2|8|120'|40'||||4|4 weapons|1d8\x 4|1d8\x 4 or by weapons|Fighter: 4|12|Neutral|1|1|Nil|650
bronze_golem|Bronze Golem||Golem|*|0|20**|240'|80'||||1+special|1 fist+special|3d10+special|3d10\+special|Fighter: 10|12|Neutral|1|1|Nil|4300
wood_golem|Wood Golem||Golem|*|7|2+2|120'|40'||||1|1 fist|1d8|1d8|Fighter: 1|12|Neutral|1|1|Nil|25
gorgon|Gorgon||||2|8*|120'|40'||||1+breath|1 gore or breath|2d6/special|2d6 or petrification|Fighter: 8|8|Chaotic|1--2|1--4|E|1200
gray_ooze|Gray Ooze||||8|3*|10'|3'||||1|1|2d8|2d8|Fighter: 2|12|Neutral|1|1|Nil|50
green_slime|Green Slime|||*|---|2*|3'|1'||||1|1|special|Special|Fighter: 1|12|Neutral|1|0|Nil|25
grey_ooze|Grey Ooze||||8|3*|10'|3'||||1|1|2d8|2d8|Fighter: 2|12|Neutral|1|1|Nil|50
griffon|Griffon||||5|7|120'|40'|Fly|360'|120'|3|2 claws\?1 bite|1d4\x 2/2d8|1d4\?1d4\?2d8|Fighter: 4|8|Neutral|0|2--16|E|450
halfling|Halfling||||7|1-1|90'|30'||||1|1 weapon|1d6|1d6 or by weapon|Halfling: 1|7|Lawful|3--18|5--40|V (B)|5
harpy|Harpy||||7|3*|60'|20'|Fly|150'|50'|3+charm|2 claws\?1 weapon\+charm|1d4\x 2/1d6|1d4\?1d4\?1d6|Fighter: 3|7|Chaotic|1--6|2--8|C|50
hawk_giant|Giant Hawk||Hawk||6|3+3|450'|150'||||1|1|1d6|1d6|Fighter: 2|8|Neutral|0|1--3|Nil|50
hawk|Hawk||Hawk||8|\half|480'|160'||||1|1|1d2|1d2|Normal Man|7|Neutral|0|1--6|Nil|5
hellhound|Hellhound||Hellhound||4|3*|120'|40'||||1+breath|bite or breath|1d6/3d6|1d6 or 3d6|Fighter: 3|9|Chaotic|2--8|2--8|C|50
hellhound_3|Minor Hellhound||Hellhound||4|3*|120'|40'||||1+breath|bite or breath|1d6/3d6|1d6 or 3d6|Fighter: 3|9|Chaotic|2--8|2--8|C|50
hellhound_4|Lesser Hellhound||Hellhound||4|4*|120'|40'||||1+breath|bite or breath|1d6/4d6|1d6 or 4d6|Fighter: 4|9|Chaotic|2--8|2--8|C|125
hellhound_5|Hellhound||Hellhound||4|5*|120'|40'||||1+breath|bite or breath|1d6/5d6|1d6 or 5d6|Fighter: 5|9|Chaotic|2--8|2--8|C|300
hellhound_6|Greater Hellhound||Hellhound||4|6*|120'|40'||||1+breath|bite or breath|1d6/6d6|1d6 or 6d6|Fighter: 6|9|Chaotic|2--8|2--8|C|500
hellhound_7|Monstrous Hellhound||Hellhound||4|7*|120'|40'||||1+breath|bite or breath|1d6/7d6|1d6 or 7d6|Fighter: 7|9|Chaotic|2--8|2--8|C|850
hippogriff|Hippogriff||||5|3+1|180'|60'|Fly|360'|120'|3|2 claws\?1 bite|1d6\x 2/1d10|1d6\?1d6\?1d10|Fighter: 2|8|Neutral|0|2--16|Nil|50
hobgoblin|Hobgoblin||||6|1+1|90'|30'||||1|1 weapon|1d8|1d8 or by weapon|Fighter: 1|8|Chaotic|1--6|4--24|D|15
draft_horse|Draft Horse||Horse||7|3|90'|30'||||0|Nil|Nil|Nil|Fighter: 2|6|Neutral|0|domestic only|Nil|35
riding_horse|Riding Horse||Horse||7|2|240'|80'||||2|2 hooves|1d4\x 2|1d4\?1d4|Fighter: 1|7|Neutral|0|10--100|Nil|20
war_horse|War Horse||Horse||7|3|120'|40'||||2|2 hooves|1d6\x 2|1d6\?1d6|Fighter: 2|9|Neutral|0|domestic only|Nil|35
hydra|Five-Headed Hydra|[Five-Headed Hydrae]|Hydra||5|5|120'|40'||||5|5 heads|1d10\x 5|1d10 each|Fighter: 5|9|Neutral|1|1|B|175
hydra_5|Five-Headed Hydra|[Five-Headed Hydrae]|Hydra||5|5|120'|40'||||5|5 heads|1d10\x 5|1d10 each|Fighter: 5|9|Neutral|1|1|B|175
hydra_6|Six-Headed Hydra|[Six-Headed Hydrae]|Hydra||5|6|120'|40'||||6|6 heads|1d10\x 6|1d10 each|Fighter: 6|9|Neutral|1|1|B|275
hydra_7|Seven-Headed Hydra|[Seven-Headed Hydrae]|Hydra||5|7|120'|40'||||7|7 heads|1d10\x 7|1d10 each|Fighter: 7|9|Neutral|1|1|B|450
hydra_8|Eight-Headed Hydra|[Eight-Headed Hydrae]|Hydra||5|8|120'|40'||||8|8 heads|1d10\x 8|1d10 each|Fighter: 8|9|Neutral|1|1|B|650
hydra_9|Nine-Headed Hydra|[Nine-Headed Hydrae]|Hydra||5|9|120'|40'||||9|9 heads|1d10\x 9|1d10 each|Fighter: 9|9|Neutral|1|1|B|900
hydra_10|Ten-Headed Hydra|[Ten-Headed Hydrae]|Hydra||5|10|120'|40'||||10|10 heads|1d10\x 10|1d10 each|Fighter: 10|9|Neutral|1|1|B|900
hydra_11|Eleven-Headed Hydra|[Eleven-Headed Hydrae]|Hydra||5|11|120'|40'||||11|11 heads|1d10\x 11|1d10 each|Fighter: 11|9|Neutral|1|1|B|1100
hydra_12|Twelve-Headed Hydra|[Twelve-Headed Hydrae]|Hydra||5|12|120'|40'||||12|12 heads|1d10\x 12|1d10 each|Fighter: 12|9|Neutral|1|1|B|1100
insect_swarm|Insect Swarm||Insect Swarm||7|2|30'|10'|Fly|60'|20'|swarm|1 swarm|2|2 points|Normal Man|11|Neutral|1|1--3|Nil|20
insect_swarm_2|Small Insect Swarm||Insect Swarm||7|2|30'|10'|Fly|60'|20'|swarm|1 swarm|2|2 points|Normal Man|11|Neutral|1|1--3|Nil|20
insect_swarm_3|Insect Swarm||Insect Swarm||7|3|30'|10'|Fly|60'|20'|swarm|1 swarm|2|2 points|Normal Man|11|Neutral|1|1--3|Nil|35
insect_swarm_4|Large Insect Swarm||Insect Swarm||7|4|30'|10'|Fly|60'|20'|swarm|1 swarm|2|2 points|Normal Man|11|Neutral|1|1--3|Nil|75
invisible_stalker|Invisible Stalker||||3|8*|120'|40'||||1|1|4d4|4d4|Fighter: 8|12|Neutral|1|1|Nil|1200
kobold|Kobold||||7|\half|60'|20'||||1|1 weapon|1d4|1d4 or by weapon-1|Normal Man|6|Chaotic|4--16|6--60|P (J)|5
leech|Giant Leech|[Giant Leeches]|Leech||7|6|90'|30'||||1|blood suck|1d6|1d6|Fighter: 3|10|Neutral|0|1--4|Nil|275
living_crystal_statue|Crystal Living Statue||Living Statue||4|3|90'|30'||||2|2 fists|1d6\x 2|1d6\?1d6|Fighter: 3|11|Lawful|1--6|1--6|Nil|35
living_iron_statue|Iron Living Statue||Living Statue||2|4|30'|10'||||2|2 fists|1d8\x 2+special|1d8\?1d8\+special|Fighter: 4|11|Neutral|1--4|1--4|Nil|75
living_rock_statue|Rock Living Statue||Living Statue||4|5**|60'|20'||||2|2 magma|2d6\x 2|2d6\?2d6|Fighter: 5|11|Chaotic|1--3|1--3|Nil|45
lizard_man|Lizard Man|[Lizard Men]|||5|2+1|60'|20'|Swim|120'|40'|1|1 weapon|1d6+1|1d6+1 or by weapon\+1|Fighter: 2|12|Neutral|2--8|6--36|D|25
draco|Giant Draco||Lizard||5|4+2|120'|40'|Fly|210'|70'|1|1 bite|1d10|1d10|Fighter: 3|7|Neutral|1--4|1--8|U|125
gecko|Giant Gecko||Lizard||5|3+1|120'|40'||||1|1 bite|1d8|1d8|Fighter: 2|7|Neutral|1--6|1--10|U|50
horned_chameleon|Giant Horned Chameleon||Lizard||2|5*|120'|40'||||2|1 bite\?1 horn|2d4/1d6|2d4\?1d6|Fighter: 3|7|Neutral|1--3|1--6|U|35
tuatara|Giant Tuatara||Lizard||4|6|90'|30'||||3|2 claws\?1 bite|1d4\x 2/2d6|1d4\?1d4\?2d6|Fighter: 4|6|Neutral|1--2|1--4|V|275
devil_swine|Devil Swine|[Devil Swine]|Lycanthrope|*|3\,(9)|9*|180'|60'|As human|120'|40'|1/1|1 gore or weapon|2d6/1d8|2d6 or by weapon|Fighter: 9|10|Chaotic|1--3|1--4|C|1600
werebear|Werebear||Lycanthrope|*|2\,(9)|6*|120'|40'||||3|2 claws\?1 bite|2d4\x 2/2d8|2d4\?2d4\?2d8|Fighter: 6|10|Neutral|1--4|1--4|C|500
wereboar|Wereboar||Lycanthrope|*|4\,(9)|4+1*|150'|50'||||1|1 tusk-bite|2d6|2d6|Fighter: 4|9|Neutral|1--4|2--8|C|200
wererat|Wererat||Lycanthrope|*|7\,(9)|3*|120'|40'||||1/1|1 bite or weapon|1d4/1d6|1d4 or by weapon|Fighter: 3|8|Chaotic|1--8|2--16|C|50
weretiger|Weretiger||Lycanthrope|*|3\,(9)|5*|150'|50'||||3|2 claws\?1 bite|1d6\x 2/2d6|1d6\?1d6\?2d6|Fighter: 5|9|Neutral|1--4|1--4|C|35
werewolf|Werewolf|[Werewolves]|Lycanthrope|*|5\,(9)|4*|180'|60'||||1|1 bite|2d4|2d4|Fighter: 4|8|Chaotic|1--6|2--12|C|125
manticore|Manticore||||4|6+1|120'|40'|Fly|180'|60'|3/1|2 claws\?1 bite or spikes|1d4\x 2/2d4/special|1d4\?1d4\?2d4 or special|Fighter: 6|9|Chaotic|1--2|1--4|D|350
mastodon|Mastodon||||3|15|120'|40'||||2/1|2 tusks or 1 trample|2d6\x 2/4d8|2d6\?2d6 or 4d8|Fighter: 8|8|Neutral|0|2--16|Special|1350
medusa|Medusa|[Medusae]|||8|4**|90'|30'||||1+special|1 snakebite+special|1d6+poison|1d6\+poison|Fighter: 4|8|Chaotic|1--3|1--4|F|175
acolyte|Acolyte||Men||2|1|60'|20'||||1|1 mace|1d6|1d6|Cleric: 1|7|Any|1--8|1--20|U|10
bandit|Bandit||Men||6|1|120'|40'||||1|1 weapon|1d6|1d6 or by weapon|Thief: 1|8|Neutral|1--8|3--30|U (A)|10
berserker|Berserker||Men||7|1+1*|120'|40'||||1|1 weapon|1d8|1d8 or by weapon|Fighter: 1|12|Neutral|1--6|3--30|P (B)|19
brigand|Brigand||Men||6|1|120'|40'||||1|1 weapon|1d6|1d6 or by weapon|Fighter: 1|8|Chaotic|0|10--40|A|10
brigand_chain|Brigand||Men||4|1|90'|30'||||1|1 weapon|1d6|1d6 or by weapon|Fighter: 1|8|Chaotic|0|10--40|A|10
buccaneer|Buccaneer||Men||7|1|120'|40'||||1|1 weapon|1d6|1d6 or by weapon|Fighter: 1|6|Neutral|0|special|A|10
buccaneer_chain|Buccaneer||Men||5|1|120'|40'||||1|1 weapon|1d6|1d6 or by weapon|Fighter: 1|6|Neutral|0|special|A|10
dervish|Dervish||Men||6|1|120'|40'||||1|1 weapon|1d6|1d6 or by weapon|Fighter: 1|10|Lawful|0|20--70|A|10
dervish_chain|Dervish|[Dervishes]|Men||4|1|120'|40'||||1|1 weapon|1d6|1d6 or by weapon|Fighter: 1|10|Lawful|0|20--70|A|10
medium|Medium||Men||9|1**|120'|40'||||1/spell|1 dagger or spell|1d4|1d4 or spell|Magic-User: 1|7|Any|1--4|1--12|V|16
merchant|Merchant||Men||5|1|90'|30'||||1|1 weapon|1d6|1d6 or by weapon|Fighter: 1|6 or variable|Neutral|0|1--20|A|10
noble|Noble||Men||2|3|60'|20'||||1|1 weapon|1d8|1d8 or by weapon|Fighter: 3|8|Any|2--12|2--12|V\x 3|35
nomad|Nomad||Men||6|1|120'|40'||||1|1 weapon|1d6|1d6 or by weapon|Fighter: 1|8|Neutral|0|10--40|A|10
nomad_chain|Nomad||Men||4|1|120'|40'||||1|1 weapon|1d6|1d6 or by weapon|Fighter: 1|8|Neutral|0|10--40|A|10
normal_human|Normal Human||Men||9|\half|120'|40'||||1|1 weapon|1d6|1d6 or by weapon|Normal Man|6|Any|1--4|1--20|U|5
pirate|Pirate||Men||7|1|120'|40'||||1|1 weapon|1d6|1d6 or by weapon|Fighter: 1|7|Chaotic|0|special|A|10
pirate_chain|Pirate||Men||5|1|120'|40'||||1|1 weapon|1d6|1d6 or by weapon|Fighter: 1|7|Chaotic|0|special|A|10
trader|Trader||Men||6|1|120'|40'||||1|1 weapon|1d6|1d6 or by weapon|Fighter: 1|7|Any|1--8|3--18|U, V|10
veteran|Veteran||Men||2|1|60'|20'||||1|1 weapon|1d8|1d8 or by weapon|Fighter: 1|9 or variable|Any|2--8|2--12|V|10
veteran_1|Veteran||Men||2|1|60'|20'||||1|1 weapon|1d8|1d8 or by weapon|Fighter: 1|9 or variable|Any|2--8|2--12|V|10
veteran_2|Veteran||Men||2|2|60'|20'||||1|1 weapon|1d8|1d8 or by weapon|Fighter: 2|9 or variable|Any|2--8|2--12|V|20
veteran_3|Veteran||Men||2|3|60'|20'||||1|1 weapon|1d8|1d8 or by weapon|Fighter: 3|9 or variable|Any|2--8|2--12|V|35
merman|Merman|[Mermen]|||6|1|120'|40'||||1|1 weapon|1d6|1d6 or by weapon|Fighter: 1|8|Neutral|0|1--20|A|10
minotaur|Minotaur||||6|6|120'|40'||||2/1|1 gore\?1 bite or weapon|1d6\x 2/1d6+2|1d6\?1d6 or by weapon\+2|Fighter: 6|12|Chaotic|1--6|1--8|C|275
mule|Mule||||7|2|120'|40'||||1/1|1 kick or 1 bite|1d4/1d3|1d4 or 1d3|Normal Man|8|Neutral|1--8|2--12|Nil|20
mummy|Mummy|||*|3|5+1*|60'|20'||||1|1 touch|1d12+disease|1d12\+disease|Fighter: 5|12|Chaotic|1--4|1--12|D|400
neanderthal|Neanderthal||||8|2|120'|40'||||1|1 weapon|2d4|2d4 or by weapon\+1|Fighter: 2|7|Lawful|1--10|10--40|C|20
nixie|Nixie||||7|1|120'|40'||||1|1|1d4|1d4|Elf: 1|6|Neutral|0|2--40|B|10
ochre_jelly|Ochre Jelly|||*|8|5*|30'|10'||||1|1|2d6|2d6|Fighter: 3|12|Neutral|1|0|Nil|35
octopus|Giant Octopus|[Giant Octopodes]|Octopus||7|8|90'|30'||||9|8 tentacles\?1 bite|1d3\x 8/1d6|1d3\x 8\?1d6|Fighter: 4|7|Neutral|0|1--2|Nil|650
ogre|Ogre||||5|4+1|90'|30'||||1|1 club|1d10|1d10|Fighter: 4|10|Chaotic|1--6|2--12|C+1,000gp|125
orc|Orc||||6|1|120'|40'||||1|1 weapon|1d6|1d6 or by weapon|Fighter: 1|6|Chaotic|2--8|10--60|D|10
owl_bear|Owl Bear||||5|5|120'|40'||||3|2 claws\?1 bite|1d8\x 3|1d8\?1d8\?1d8|Fighter: 3|9|Neutral|1--4|1--4|C|175
pegasus|Pegasus|[Pegasi]|||6|2+2|240'|80'|Fly|480'|160'|2|2 hooves|1d6\x 2|1d6\?1d6|Fighter: 2|8|Lawful|0|1--12|Nil|25
pixie|Pixie||||3|1*|90'|30'|Fly|180'|60'|1|1 dagger|1d4|1d4|Elf: 1|7|Neutral|2--8|10--40|R, S|13
pteranodon|Pteranodon||Pterodactyl||6|5|Fly 240'|120'||||1|1|1d12|1d12|Fighter: 3|8|Neutral|0|1--4|V|175
pterodactyl|Pterodactyl||Pterodactyl||7|1|Fly 180'|60'||||1|1|1d3|1d3|Fighter: 1|7|Neutral|0|2--8|Nil|10
purple_worm|Purple Worm||||6|15*|60'|20'||||2|1 bite\?1 sting|2d8/1d8+poison|2d8\?1d8\+poison|Fighter: 8|10|Neutral|1--2|1--4|D|2300
giant_rat|Giant Rat||Rat||7|\half|120'|40'|Swim|60'|20'|1|1 bite|1d3+disease|1d3\+disease|Fighter: 1|8|Neutral|3--18|3--30|C|5
rat|Rat||Rat||9|1 hp|60'|20'|Swim|30'|10'|1/pack|1 bite per pack|1d6+disease|1d6\+disease|Normal Man|5|Neutral|5--50|2--20|L|5
rhagodessa|Rhagodessa|[Rhagodessae]|||5|4+2|150'|50'||||2|1 leg\?1 bite|0/2d8|0\?2d8|Fighter: 2|9|Neutral|1--4|1--6|U|125
rhinoceros|Rhinoceros||Rhinoceros||5|6|120'|40'||||1|butt or trample|2d4/2d8|2d4 or 2d8|Fighter: 3|6|Neutral|0|1--12|Nil|275
wooly_rhinoceros|Woolly Rhinoceros||Rhinoceros||4|8|120'|40'||||1|butt or trample|2d6/2d12|2d6 or 2d12|Fighter: 4|6|Neutral|0|1--8|Nil|650
robber_fly|Robber Fly||||6|2|90'|30'|Fly|180'|60'|1|1 bite|1d8|1d8|Fighter: 1|8|Neutral|1--6|2--12|U|20
giant_roc|Giant Roc||Roc||0|36|60'|20'|Fly|480'|160'|3|2 claws\?1 bite|3d6\x 2/8d6|3d6\?3d6\?8d6|Fighter: 15|10|Lawful|0|1|I|6250
rock_baboon|Rock Baboon||||6|2|120'|40'||||2|1 club\?1 bite|1d6/1d3|1d6\?1d3|Fighter: 2|8|Neutral|2--12|5--30|U|20
large_roc|Large Roc||Roc||2|12|60'|20'|Fly|480'|160'|3|2 claws\?1 bite|1d8\x 2/2d10|1d8\?1d8\?2d10|Fighter: 12|9|Lawful|0|1--8|I|1100
small_roc|Small Roc||Roc||4|6|60'|20'|Fly|480'|160'|3|2 claws\?1 bite|1d4+1\x 2/2d6|1d4+1\?1d4+1\?2d6|Fighter: 3|8|Lawful|0|1--12|I|275
rust_monster|Rust Monster|||*|2|5|120'|40'||||1|1|Special|Special|Fighter: 3|7|Neutral|1--4|1--4|Nil|175
flame_salamander|Flame Salamander||Salamander|*|2|8*|120'|40'||||3|2 claws\?1 bite|1d4\x 2/1d8|1d4\?1d4\?1d8|Fighter: 8|8|Neutral|2--5|2--8|F|1200
frost_salamander|Frost Salamander||Salamander|*|3|12*|120'|40'||||5|4 claws\?1 bite|1d6\x 4/2d6|1d6\x 4\?2d6|Fighter: 12|9|Chaotic|1--3|1--3|E|1900
scorpion|Giant Scorpion||Scorpion||2|4*|150'|50'||||3|2 claws\?1 sting|1d10\x 2/1d4+poison|1d10\?1d10\?1d4\+poison|Fighter: 2|11|Chaotic|1--6|1--6|V|125
sea_dragon|Sea Dragon||||1|8**|Swim 180'|60'|Fly|180'|60'|1/1|1 bite or 1 spit|3d8/poison|3d8 or poison|Fighter: 8|9|Neutral|0|1--4|H|1750
sea_serpent|Lesser Sea Serpent||Sea Serpent||5|6|150'|50'||||1/1|1 bite or squeeze|2d6|2d6|Fighter: 3|8|Neutral|0|2--12|Nil|275
shadow|Shadow|||*|7|2+2*|90'|30'||||1|1|1d4+special|1d4\+special|Fighter: 2|12|Chaotic|1--8|1--12|F|35
bull_shark|Bull Shark||Shark||4|2|180'|60'||||1|1 bite|2d4|2d4|Fighter: 1|7|Neutral|0|3--18|Nil|20
great_white_shark|Great White Shark||Shark||4|8|180'|60'||||1|1 bite|2d10|2d10|Fighter: 4|7|Neutral|0|1--4|Nil|650
mako_shark|Mako Shark||Shark||4|4|180'|60'||||1|1 bite|2d6|2d6|Fighter: 2|7|Neutral|0|2--12|Nil|75
shrew|Giant Shrew||Shrew||4|1|180'|60'||||2|2 bites|1d6\x 2|1d6\?1d6|Fighter: 1|10|Neutral|1--4|1--8|Nil|10
shrieker|Shrieker||||7|3|9'|3'||||shriek|shriek|Nil|Nil|Fighter: 1|12|Neutral|1--8|0|Nil|35
skeleton|Skeleton||||7|1|60'|20'||||1|1|1d6|1d6 or by weapon|Fighter: 1|12|Chaotic|3--12|3--30|Nil|10
rattlesnake|Giant Rattlesnake||Snake||5|4*|120'|40'||||2|2 bites|1d4\x 2+poison|1d4\?1d4\+poison|Fighter: 2|8|Neutral|1--4|1--4|U|125
pit_viper|Pit Viper||Snake||6|2*|90'|30'||||1|1 bite|1d4+poison|1d4\+poison|Fighter: 1|7|Neutral|1--8|1--8|Nil|25
rock_python|Rock Python||Snake||6|5*|90'|30'||||2|1 bite\?1 squeeze|1d4/2d4|1d4\?2d4|Fighter: 3|8|Neutral|1--3|1--3|U|35
sea_snake|Sea Snake||Snake||6|3*|90'|30'||||1|1 bite|1+poison|1\+poison|Fighter: 2|7|Neutral|1--8|1--8|Nil|50
spitting_cobra|Spitting Cobra||Snake||7|1*|90'|30'||||1/1|1 bite or spit|1d3+poison/special|1d3\+poison\?blindness|Fighter: 1|7|Neutral|1--6|1--6|Nil|13
spectre|Spectre|||*|2|6**|150'|50'|Fly|300'|100'|1|1 touch|1d8+energy drain|1d8\+drain 2 levels|Fighter: 6|11|Chaotic|1--4|1--8|E|725
black_widow|Giant Black Widow Spider||Spider||6|3*|60'|20'|Web|120'|40'|1|1 bite|2d6+poison|2d6\+poison|Fighter: 2|8|Neutral|1--3|1--3|U|50
crab_spider|Giant Crab Spider||Spider||7|2*|120'|40'||||1|1 bite|1d8+poison|1d8\+poison|Fighter: 1|7|Neutral|1--4|1--4|U|25
tarantella|Giant Tarantella||Spider||5|4*|120'|40'||||1|1 bite|1d8+poison|1d8\+poison|Fighter: 2|8|Neutral|1--3|1--3|U|125
sprite|Sprite||||5|\half*|60'|20'|Fly|180'|60'|spell|1 spell|Special|Special|Elf: 1|7|Neutral|3--18|5--40|S|6
squid|Giant Squid||Squid||7|6|120'|40'||||9|8 tentacles\?1 beak|1d4\x 8/1d10|1d4\x 8\?1d10|Fighter: 3|7 or 9|Neutral|0|1--4|V|275
stirge|Stirge||||7|1*|30'|10'|Fly|180'|60'|1|1|1d3+special|1d3\+special|Fighter: 2|9|Neutral|1--10|3--36|L|13
freshwater_termite|Freshwater Termite||Termite||6|2+1|120'|40'||||1/1/1|Spray or ink or bite|1d3/special|Bite 1d3 or special|Fighter: 2|8|Neutral|0|1--3|Nil|25
sea_termite|Sea Termite||Termite||5|4|180'|60'||||1/1/1|Spray or ink or bite|1d3/special|Bite 1d3 or special|Fighter: 3|11|Neutral|0|2--7|Nil|75
swamp_termite|Swamp Termite||Termite||4|1+1|90'|30'||||1/1/1|Spray or ink or bite|1d3/special|Bite 1d3 or special|Fighter: 1|10|Neutral|0|1--4|Nil|15
thoul|Thoul||||6|3**|120'|40'||||2/1|2 claws or weapon|1d3\x 2 or weapon|1d3\?1d3\?1d6|Fighter: 3|10|Chaotic|1--6|1--10|C|65
titanothere|Titanothere||||5|12|120'|40'||||1/1|butt or trample|2d6/3d8|2d6\?3d8|Fighter: 6|7|Neutral|0|1--6|Nil|1100
toad|Giant Toad||Toad||7|2+2|90'|30'||||1|1 bite|1d4+1|1d4+1|Fighter: 1|6|Neutral|1--4|1--4|Nil|25
treant|Treant||||2|8|60'|20'||||2|2 blows|2d6\x 2|2d6\?2d6|Fighter: 8|9|Lawful|0|1--8|C|650
troglodyte|Troglodyte||||5|2*|120'|40'||||3|2 claws\?1 bite|1d4\x 3|1d4\?1d4\?1d4|Fighter: 2|9|Chaotic|1--8|5--40|A|25
troll|Troll||||4|6+3|120'|40'||||3|2 claws\?1 bite|1d6\x 2/1d10|1d6\?1d6\?1d10|Fighter: 6|10 or 8|Chaotic|1--8|1--8|D|350
unicorn|Unicorn||||2|4*|240'|80'||||3|2 hooves\?1 horn|1d8\x 3|1d8\?1d8\?1d8|Fighter: 8|7|Lawful|1--6|1--8|Nil|125
vampire|Vampire|||*|2|7**|120'|40'|Fly|180'|60'|1|1 touch|1d10+energy drain|1d10\+drain 2 levels|Fighter: 7|11|Chaotic|1--4|1--6|F|1250
vampire_7|Vampire|||*|2|7**|120'|40'|Fly|180'|60'|1|1 touch|1d10+energy drain|1d10\+drain 2 levels|Fighter: 7|11|Chaotic|1--4|1--6|F|1250
vampire_8|Vampire|||*|2|8**|120'|40'|Fly|180'|60'|1|1 touch|1d10+energy drain|1d10\+drain 2 levels|Fighter: 8|11|Chaotic|1--4|1--6|F|1750
vampire_9|Vampire|||*|2|9**|120'|40'|Fly|180'|60'|1|1 touch|1d10+energy drain|1d10\+drain 2 levels|Fighter: 9|11|Chaotic|1--4|1--6|F|2300
weasel|Giant Weasel||Weasel||7|4+4|150'|50'||||1|1 bite|2d4+special|2d4\+special|Fighter: 3|8|Neutral|1--4|1--6|V|125
killer_whale|Killer Whale||Whale||6|6|240'|80'||||1|1 bite|1d20|1d20|Fighter: 3|10|Neutral|0|1--6|V|275
narwhal|Narwhal||Whale||7|12|180'|60'||||2|1 horn\?1 bite|2d6/1d8|2d6\?1d8|Fighter: 12|8|Lawful|0|1--4|Special|1100
sperm_whale|Sperm Whale||Whale||6|36|180'|60'||||1|1 bite|3d20|3d20|Fighter: 15|7|Neutral|0|1--3|V|6250
wight|Wight|||*|5|3*|90'|30'||||1|1|energy drain|Drain 1 level|Fighter: 3|12|Chaotic|1--6|1--8|B|50
dire_wolf|Dire Wolf|[Dire Wolves]|Wolf||6|4+1|150'|50'||||1|1 bite|2d4|2d4|Fighter: 2|8|Neutral|1--4|2--8|Nil|125
wolf|Wolf|[Wolves]|Wolf||7|2+2|180'|60'||||1|1 bite|1d6|1d6|Fighter: 1|8|Neutral|2--12|3--18|Nil|25
wraith|Wraith|||*|3|4**|120'|40'||||1|1 touch|1d6+energy drain|1d6\+drain 1 level|Fighter: 4|12|Chaotic|1--4|1--6|E|175
wyvern|Wyvern||||3|7*|90'|30'|Fly|240'|80'|2|1 bite\?1 sting|2d8/1d6+poison|2d8\?1d6\+poison|Fighter: 4|9|Chaotic|1--2|1--6|E|850
yellow_mold|Yellow Mold|||*|---|2|Nil|Nil||||1|spores|1d6+special|1d6\+special|Fighter: 2|---|Neutral|1--8|1--4|Nil|20
yellow_mould|Yellow Mould|||*|---|2|Nil|Nil||||1|spores|1d6+special|1d6\+special|Fighter: 2|---|Neutral|1--8|1--4|Nil|20
zombie|Zombie||||8|2|120'|40'||||1|1 weapon|1d8|1d8 or by weapon|Fighter: 1|12|Chaotic|2--8|4--24|Nil|20
archer_bush|Archer Bush|[Archer Bushes]|||9|1|Nil|Nil||||1|1d4\x 10 needles|1d4|1 hp per 10 needles|Fighter: 1|12|Neutral|0|1--100|Nil|
baric|Baric||||7|5|120'|40'||||3|2 claws\?1 bite|1d4\x 2/1d10|1d4\?1d4\?1d10|Fighter: 5|8|Neutral|1--8|1--8|Nil|
bubble|Bubble||||9|\half|90'|30'||||1|1|1d4+special|1d4\+paralysis|Fighter: 1|9|Neutral|3--18|3--18|J|
decapus|Decapus||||5|3|12'|4'||||9|3 per opponent (9 total)|1d6|1d6|Fighter: 3|9|Chaotic|1|1|B|
diger|Diger||||9|2|9'|3'|Fly/Swim|90'/120'|30'/40'|1|paralysis|1|Paralysis|Magic-User: 2|8|Neutral|0|1|O|
ghost|Ghost||||1|5|50'|15'|Fly|150'|50'|1|1 touch|1d6+aging|1d6\+aging|Fighter: 5|12|Chaotic|1--4|1--4|C|
marble_snake|Giant Marble Snake||Snake||8|3|150'|50'||||1+charm|1+charm|1d6|1d6|Fighter: 3|8|Neutral|1--4|1--4|C|
jupiter_blood_sucker|Jupiter Blood Sucker||||5|3|9'|3'||||1|1|1d6+blood drain|1d6\+blood drain|Fighter: 3|12|Neutral|1--10|1--10|Nil|
marmoset|Giant Marmoset||Monkey||5|3|180'|60'||||4|4|1d6\x 2/1d8/1d4|1d6\?1d6\?1d8\?1d4|Fighter: 3|8|Neutral|2--8|2--8|J|
poltergeist|Poltergeist||||---|---||||||||||||||||
protector|Protector||||2|7|210'|70'||||1|1|1d6|1d6|Magic-User: 7|10|Lawful|1--10|1--10|B|
purple_moss|Purple Moss||||9|1|9'|3'||||1|1|Special|Special|Fighter: 1|12|Neutral|1--8|1--8|Nil|
ubue|Ubue||||7|3|60'|20'||||3|3|1d6\x 2/1d4|1d6\?1d6\?1d4|Fighter: 3|3|Chaotic|3--30|3--30|Q, U, V|
banshee|Banshee|||*|3|5*|150'|50'||||wail|wail|1d4/rd|1d4\?round|Fighter: 5|12|Neutral|1|1|C|
cynidicean|Cynidicean||||9|1|120'|40'||||1|1|1d6|1d6|Fighter: 1|7 or see below|Chaotic|1--6|1--6|A|
werefox|Werefox|[Werefoxes]|Lycanthrope||6\,(9)|3+2*|180'|60'||||1+charm|1+charm|1d6|1d6|Fighter: 3|8|Neutral|1--4|1--6|C|
polymar|Polymar||||9|10*|60'|20'||||3|3|1d6\x 3|1d6\?1d6\?1d6|Fighter: 5|10|Chaotic|1--2|1--3|B|
zargon|Zargon||||0|12*|90'|30'||||7|7|1d8\x 6/3d8|1d8\x 6\?3d8|Fighter: 12|12|Chaotic|0|1|Special|
allosaurus|Allosaurus||Dinosaur||5|13|150'|50'||||1|1 bite|4d6|4d6|Fighter: 7|9|Neutral|0|1-4|V|
ankylosaurus|Ankylosaurus||Dinosaur||0|7|60'|20'||||1|1 tail|2d6|2d6|Fighter: 4|6|Neutral|0|1-8|Nil|
aranea|Aranea|[Araneae]|||7|3**|60'|20'|Web|120'|40'|1|1|1d6+poison|1d6\+poison|Magic-User: 3|7|Chaotic|1-3|1-6|D|
brontosaurus|Brontosaurus||Dinosaur||5|26|60'|20'||||2|1 bite\?1tail|2d6/3d6|2d6\?3d6|Fighter: 13|8|Neutral|0|1-3|Nil|
dimetrodon|Dimetrodon||Dinosaur||5|7|120'|40'||||1|1 bite|2d8|2d8|Fighter: 4|8|Neutral|0|1-6|V|
elk|Giant Elk||Elk||6|8|120'|40'||||1|1 butt|1d12|1d12|Fighter: 4|7|Neutral|0|1-6|Nil|
grangeri|Grangeri|[Grangeri]|||5|13|120'|40'||||1/1|1 bite or trample|2d6/3d6|2d6 or 3d6|Fighter: 7|7|Neutral|0|1-6|Nil|
kopru|Kopru|[Kopru]|||3|8+4|30'|10'|Swim|150'|50'|2+charm|1 bite\?1 tail or charm|1d4/3d6|1d4\?3d6|Fighter: 9|9|Chaotic|1-3|1-3|I, N|
megatherium|Megatherium|[Megatheria]|||6|11|90'|30'||||2|2 claws|2d6\x 2|2d6\?2d6|Fighter: 6|7|Neutral|0|1-6|Nil|
native|Native||Men||9|1-1|120'|40'||||1|1 weapon|1d6|1d6 or by weapon|Fighter: 1|7|Any|0|3-30\?30-300|A|
oyster|Giant Oyster||Oyster||5\,(-2)|10|Nil|Nil||||1|1 shell|4d6|4d6|Fighter: 5|---|Neutral|0|1-4|E|
phanaton|Phanaton||||7|1-1|90'|30'|Glide|150'|50'|1|1 weapon|1d6|1d6 or by weapon|Fighter: 1|7|Lawful|0|3-30\?30-300|Nil|
phororhacos|Phororhacos||||6|3|150'|50'||||1|1 bite|1d8|1d8|Fighter: 2|8|Neutral|0|1-8|U|
plesiosaurus|Plesiosaurus||Dinosaur||6|16|Swim 150'|50'||||1|1 bite|4d6|4d6|Fighter: 8|9|Neutral|0|1-3|Nil|
rakasta|Rakasta|[Rakasta]|||6|2+1|90'|30'||||3|2 claws\?1 bite|1d4\x 3|1d4\?1d4\?1d4|Fighter: 2|9|Neutral|0|3-30|M (special)|
trachodon|Trachodon||Dinosaur||5|14|120'|40'||||1|1 tail|2d6|2d6|Fighter: 7|6|Neutral|0|1-6|Nil|
